# 练习一
### 创建stroe数据库，在数据库中根据开发喵store业务 创建表，表结构如下，并插入以下数据，完成下面的 sql。

#### 创建数据库

```mysql
> CREATE DATABASE stroe;
Query OK, 1 row affected (0.07 sec)

mysql> USE stroe;
Database changed
```

#### 创建goods表

```
mysql> CREATE TABLE goods (
    ->   `good_no` INT COMMENT '商品编号',
    ->   `goods_name` VARCHAR(50) COMMENT '商品名称',
    ->   `cost` DOUBLE COMMENT '商品成本',
    ->   `price` DOUBLE COMMENT '商品售价',
    ->   `count` INT COMMENT '商品库存',
    ->   `create_time` DATETIME COMMENT '商品上架时间',
    ->   `category_no` INT COMMENT '商品分类编号'
    -> );
Query OK, 0 rows affected (0.15 sec)
```

#### 创建category表

```
CREATE TABLE category (`no` INT COMMENT '商品分类编号',`name` VARCHAR(50) COMMENT '商品类别名称');
Query OK, 0 rows affected (0.13 sec)
```

#### 创建account表

```
mysql> CREATE TABLE account (`ID` INT COMMENT '用户编号',`phone` VARCHAR(11) COMMENT '用户手 机号',`password` VARCHAR(50) COMMENT '用户密码',`type` BIT COMMENT '用户类型0管理员1会员',`name` VARCHAR(50) COMMENT '用户名',`point` INT COMMENT '用户积分',`money` DOUBLE COMMENT '用户 余额',`create_time` DATETIME COMMENT '用户创建时间');
Query OK, 0 rows affected (0.22 sec)

```
#### 创建cart表

```
mysql> CREATE TABLE cart (`id` INT COMMENT '购物车编号',`goods_no` INT COMMENT '商品编号',`num` INT COMMENT '商品数量',`account_id` INT COMMENT '用户编号',`create_time` DATETIME COMMENT '加入购物车时间' );
Query OK, 0 rows affected (0.45 sec)
```

#### 给goods表插入数据

```
mysql> INSERT INTO goods (good_no,goods_name,cost,price,count,create_time,category_no) VALUES(1,'火腿肠',0.5,2.5,50,'2023/3/13 19:50',1),(2,'薯片',1.5,3.5,30,'2023/3/13 19:50',1),(3,'鼠 标垫',20.5,25.5,20,'2023/3/13 19:50',4),(4,'萝卜',0.8,1.5,50,'2023/3/13 19:50',2),(5,'白菜',0.5,2.5,50,'2023/3/13 19:50',2),(6,'车厘子',0.2,0.8,50,'2023/3/13 19:50',1),(7,'芒果',5,8,50,'2023/3/13 19:50',3),(8,'五粮液',1350,1700,60,'2023/3/13 19:50',5),(9,'鼠标',40,50,20,'2023/3/13 19:50',4);
Query OK, 9 rows affected, 9 warnings (0.07 sec)
Records: 9  Duplicates: 0  Warnings: 9
```

#### 给category表插入数据

```
mysql> INSERT INTO category (no,name) VALUES (1,'零食'),(2,'蔬菜'),(3,'水果'),(4,'电子产品'),(5,'酒水');
Query OK, 5 rows affected (0.08 sec)
Records: 5  Duplicates: 0  Warnings: 0
```

#### 给account表插入数据

```
mysql> INSERT INTO account (id, phone, password,type, name, point, money, create_time)
    -> VALUES
    -> (1, '111', '111', 0, '管理员', NULL, NULL, '2023/3/7 16:50'),
    -> (2, '222', '222', 1, '张三', 0, 350, '2023/3/11 19:50'),
    -> (3, '333', '333', 1, '李四', 0, 268.5, '2023/3/12 19:50'),
    -> (4, '444', '444', 1, '王五', 0, 956.3, '2023/3/13 19:50'),
    -> (5, '555', '555', 1, '孙六', 2000, 9, '2023/3/7 17:50');
Query OK, 5 rows affected, 5 warnings (0.06 sec)
Records: 5  Duplicates: 0  Warnings: 5
```

#### 给cart表插入数据

```
INSERT INTO cart (cart_id,goods_no,num,create_time,account_id) values (1,1,2,'2023/3/11 19:50',2),(2,2,2,'2023/3/12 19:50',3),(3,4,10,'2023/3/13 19:50',4),(4,6,20,'2023/3/11 19:50',3),(5,9,1,'2023/3/11 19:50',2),(6,2,10,'2023/3/11 19:50',4);
Query OK, 6 rows affected, 6 warnings (0.07 sec)
Records: 6  Duplicates: 0  Warnings: 6
```





#### 查询商品库存等于50的所有商品，显示商品编号，商品名称，商品售价，商品库存。

```
SELECT good_no,goods_name,price,count FROM goods WHERE count=50;
+---------+------------+-------+-------+
| good_no | goods_name | price | count |
+---------+------------+-------+-------+
|       1 | 火腿肠     |   2.5 |    50 |
|       4 | 萝卜       |   1.5 |    50 |
|       5 | 白菜       |   2.5 |    50 |
|       6 | 车厘子     |   0.8 |    50 |
|       7 | 芒果       |     8 |    50 |
+---------+------------+-------+-------+
5 rows in set (0.00 sec)
```

####  查询商品成本等于60的所有商品，显示商品编号，商 品名称，商品售价，商品库存。

```
mysql> SELECT good_no,goods_name,price,count FROM goods where count=60;
+---------+------------+-------+-------+
| good_no | goods_name | price | count |
+---------+------------+-------+-------+
|       8 | 五粮液     |  1700 |    60 |
+---------+------------+-------+-------+
1 row in set (0.00 sec)
```

####  修改购物车中id为5的num数量加一

```
mysql> UPDATE cart SET num=num+1 WHERE id=5;
Query OK, 0 rows affected (0.00 sec)
Rows matched: 0  Changed: 0  Warnings: 0
```

####  修改购物车表的id字段为cart_id

```
ALTER TABLE cart CHANGE id cart_id INT;
Query OK, 0 rows affected (0.10 sec)
Records: 0  Duplicates: 0  Warnings: 0
```

####  查询购物车数量等于10的信息，显示购物车编号，商 品编号，商品数量，创建时间，账户编号。

```
SELECT cart_id,goods_no,num,create_time,account_id FROM cart where num=10;
+---------+----------+------+---------------------+------------+
| cart_id | goods_no | num  | create_time         | account_id |
+---------+----------+------+---------------------+------------+
|       3 |        4 |   10 | 2023-03-13 19:50:00 |          4 |
|       6 |        2 |   10 | 2023-03-11 19:50:00 |          4 |
+---------+----------+------+---------------------+------------+
2 rows in set (0.00 sec)
```

####  删除用户表中账户余额等于9的用户

```
DELETE FROM account WHERE money=9;
Query OK, 1 row affected (0.08 sec)
```

####  查询购物车中用户id为3的所有信息

```
 SELECT * FROM cart WHERE cart_id=3;
+---------+----------+------+---------------------+------------+
| cart_id | goods_no | num  | create_time         | account_id |
+---------+----------+------+---------------------+------------+
|       3 |        4 |   10 | 2023-03-13 19:50:00 |          4 |
+---------+----------+------+---------------------+------------+
1 row in set (0.00 sec)
```

####  查询goods表中第二页的数据，每页显示5条数据

```
mysql> SELECT * FROM goods limit 5,5;
+---------+------------+------+-------+-------+---------------------+-------------+
| good_no | goods_name | cost | price | count | create_time         | category_no |
+---------+------------+------+-------+-------+---------------------+-------------+
|       6 | 车厘子     |  0.2 |   0.8 |    50 | 2023-03-13 19:50:00 |           1 |
|       7 | 芒果       |    5 |     8 |    50 | 2023-03-13 19:50:00 |           3 |
|       8 | 五粮液     | 1350 |  1700 |    60 | 2023-03-13 19:50:00 |           5 |
|       9 | 鼠标       |   40 |    50 |    20 | 2023-03-13 19:50:00 |           4 |
+---------+------------+------+-------+-------+---------------------+-------------+
4 rows in set (0.00 sec)
```



####  查询goods表中的数据，按照商品价格升序排序，如果 商品价格一样按照成本降序排序，并显示第三页，每页显 示3条数据。

```
SELECT * FROM goods ORDER BY price ASC,cost DESC LIMIT 6,3;
+---------+------------+------+-------+-------+---------------------+-------------+
| good_no | goods_name | cost | price | count | create_time         | category_no |
+---------+------------+------+-------+-------+---------------------+-------------+
|       3 | 鼠标垫     | 20.5 |  25.5 |    20 | 2023-03-13 19:50:00 |           4 |
|       9 | 鼠标       |   40 |    50 |    20 | 2023-03-13 19:50:00 |           4 |
|       8 | 五粮液     | 1350 |  1700 |    60 | 2023-03-13 19:50:00 |           5 |
+---------+------------+------+-------+-------+---------------------+-------------+
3 rows in set (0.00 sec)